material_id,formula,work_function_eV,E_ads_DFT_eV,band_gap_DFT,band_gap_CGCNN,formation_energy_DFT,formation_energy_CGCNN,energy_hull_DFT,energy_hull_CGCNN,bulk_modulus_DFT,bulk_modulus_CGCNN,shear_modulus_DFT,shear_modulus_CGCNN,young_modulus_DFT,young_modulus_CGCNN
4975,LiCr4(PO4)8,9.258245,-8.03573,0.3393,0.462,-2.025763572207793,-2.146,,1.788,,27.703,,15.924,,39.69
2431,Li(NF5)6,9.154723,-7.47787,,2.26,,-1.974,,0.207,,34.886,,17.65,,44.747
2783,Li(NF5)6,8.881103,-7.35138,,2.26,,-1.974,,0.207,,34.886,,17.65,,44.747
5199,LiCr9O27,9.249854,-7.10229,1.902,1.996,-1.70516,-1.789,2.5734,2.782,22.91,19.615,12.05,12.168,30.75748328794256,30.005
5207,LiBi4F20,9.301582,-6.82277,1.589,1.742,-1.80548,-2.031,0.0846,-0.015,35.21,34.98,24.41,17.649,59.4838888034451,44.87
1845,In2S,7.13687,-5.54753,,1.015,,-0.801,,-0.021,,23.494,,11.995,,30.617
1592,GaSe,7.13609,-4.93224,0.725,0.698,-0.58159,-0.537,0.029,0.075,33.0,31.133,21.14,18.923,52.26052938238721,46.979
1289,P4Cl,6.26334,-4.87211,,0.898,,-0.1,,1.453,,21.134,,10.393,,25.685
908,VS2,6.11302,-4.86907,0.0,0.012,-0.94178,-0.938,2.099,2.141,49.36,51.557,29.91,29.791,74.65148828585876,74.921
1810,TaS3,6.65497,-4.82982,0.0,-0.059,-0.467893198046875,-0.357,,1.874,,87.018,,51.428,,128.79
1117,TlBr3,6.89877,-4.70072,2.0894000000000004,2.205,-0.39339403000000006,-0.392,,0.525,,29.841,,11.82,,29.905
7711,BaThBr6,6.25989,-4.51082,2.922,3.348,-1.92317,-1.974,0.0,-0.178,,29.056,,14.322,,34.939
6151,InPt2,6.41895,-4.40574,0.0,-0.052,-0.39745614319444417,-0.246,,0.624,,62.709,,32.75,,82.302
2376,PF5,5.80719,-4.39188,7.356,7.972,-2.57302,-2.898,0.0,-0.107,13.99,6.218,7.43,6.365,18.937475708502024,16.46
6950,VSe,6.23494,-4.28669,0.0,0.069,-0.51504,-0.545,1.6556,1.632,93.16,74.339,20.69,44.595,57.79166339074524,111.197
7076,ZrS2,6.20593,-4.22558,0.911,0.828,-1.68597,-1.708,1.8375,1.898,44.09,44.697,31.87,30.768,77.04602595345438,75.444
2307,ZrO2,5.47201,-4.20357,3.914,4.262,-3.64248,-3.775,1.4873,1.576,178.77,172.742,46.68,55.052,128.82699943395255,148.276
2880,Nb4O9,5.27634,-4.19962,,2.557,-2.7763933969093415,-2.917,,2.528,,138.136,,50.606,,135.504
3073,PbSe,6.17733,-4.19048,0.76,0.602,-0.59552,-0.535,0.2479,0.2,50.29,49.743,33.33,30.313,81.89734690553746,75.441
7042,FeC2O6,5.77587,-4.17171,0.0,-0.05,-1.17809,-1.259,0.0,-0.174,18.999999999999996,17.776,12.000000000000002,9.721,29.739130434782616,24.525
7120,AgClO2,6.2302,-4.16693,0.353,1.206,0.24216,-0.907,1.2206,1.213,19.57,76.356,1.32,17.634,3.8729235382308844,47.846
4684,K(SbSe2)2,5.53608,-4.08341,1.091,0.447,-0.52624,-0.513,1.2058,0.59,25.19,38.735,13.41,20.186,34.167016183412,51.597
1310,Bi3C,5.47602,-4.03857,,-0.009,,0.296,,0.308,,66.126,,44.655,,106.469
1995,HfCl4,5.24459,-4.03627,3.912,4.275,-1.87674,-1.891,0.8768,0.814,14.97,11.283,9.3,6.612,23.11361372440509,17.141
2011,Ge3F8,5.6841,-4.0058,4.3037,4.624,-2.564144726774545,-2.749,,0.304,,55.459,,27.212,,68.259
3550,SbI3,6.05501,-3.99744,2.003,2.018,-0.3086,-0.238,0.0848,-0.037,10.77,6.011,5.7,3.34,14.535674822415151,8.662
6960,ZrBr3,5.79321,-3.98859,0.407,0.252,-1.24148,-1.297,0.0,-0.125,5.000000000000001,2.602,4.0,2.705,9.473684210526315,6.409
7019,VC2O6,5.21811,-3.9781,0.0,-0.09,-1.57911,-1.559,0.0,-0.149,,18.096,,10.452,,26.191
1343,GaBr,5.25108,-3.96865,,1.007,,-0.561,,0.042,,32.35,,19.732,,48.07
1473,RuBr4,5.05186,-3.96622,,1.314,,-0.968,,0.538,,33.528,,19.01,,47.246
1068,Nb2O5,4.99861,-3.9619,1.84,2.015,-2.39579,-2.633,3.4128,3.831,145.69,159.72,57.55,62.867,152.56183635922528,166.803
6967,NaHO,5.96233,-3.9428,3.652,3.793,-1.39886,-1.468,0.7984,0.743,31.39,28.191,15.17,16.916,39.19587250777391,42.825
1707,OsF4,5.36148,-3.92903,,1.692,,-2.101,,0.669,,47.308,,26.117,,65.746
4896,Sr2CrSO3,5.88143,-3.90891,,0.43,-2.4744954918303574,-2.575,,1.392,,35.528,,20.609,,51.52
7629,Co3As,6.53888,-3.90129,0.0,-0.084,0.9616,1.218,0.0,-0.274,,41.915,,31.06,,69.483
6995,CN2,5.49157,-3.84911,2.017,2.239,0.82056,1.11,5.1075,5.52,220.2,241.637,185.38,206.971,434.27277713421125,481.379
7124,PbIF,5.70706,-3.84182,2.013,2.12,-1.59793,-1.641,0.0,-0.034,31.31,24.23,15.55,13.822,40.02406375593716,34.812
3336,SrFe2S2O,5.7837,-3.83145,1.9676999999999998,-0.055,-1.6402627257291673,-1.754,,1.405,,107.665,,55.093,,142.466
1526,VS,5.09963,-3.81623,0.0,-0.088,-0.63798,-0.699,1.7655,1.831,141.59,140.762,68.45,78.262,176.85114046470136,198.897
4865,YbSi2Ni,5.79277,-3.80395,0.0,0.055,-0.6560288275000001,-0.586,,0.89,86.99999999999999,94.096,57.00000000000001,57.344,140.34905660377362,142.547
1213,SrPb2,4.85765,-3.79941,,0.757,,-0.704,,0.119,,51.682,,32.525,,80.16
1358,Cu2Te,5.17271,-3.78192,0.0,-0.052,0.12454,0.217,0.0944,-0.079,35.98,33.531,13.69,11.229,36.44738797993916,29.747
7018,ZrBrO,5.16413,-3.77989,0.0,-0.16,-2.38808,-2.475,0.0,-0.055,,30.709,,20.055,,49.699
3857,AgSb2F12,5.40842,-3.77956,0.535,0.61,-2.07728,-2.056,0.062,-0.082,21.79,21.608,10.55,12.371,27.25185063224447,31.074
6466,Bi2Pt,5.84296,-3.77778,0.0,-0.006,0.04235,0.091,0.0,-0.08,30.999999999999996,28.25,9.0,8.484,24.61764705882353,23.417
6493,BiBr3,5.50025,-3.74499,2.69,2.87,-0.74825,-0.792,0.0,-0.178,13.02,9.472,6.09,2.643,15.805674418604648,6.753
425,TaS2,5.67032,-3.72668,0.0,-0.05,-1.14598,-1.167,2.7287,2.789,66.2,66.884,41.04,39.473,102.03485227841763,99.162
1615,AgTe2,4.65215,-3.68302,,0.54,,0.063,,0.949,,33.343,,10.938,,28.683
7135,BCl3,5.08893,-3.67679,4.531,0.873,-0.95171,-0.192,0.9536,0.769,8.78,34.78,5.61,14.831,13.874873239436623,38.309
6976,SbClO,5.75472,-3.6681,1.109,0.992,-0.91639,-0.927,0.9131,0.889,91.14,81.54,36.63,42.972,96.90734978229318,107.624
6492,AlPd5I2,5.09837,-3.64809,0.0,1.123,-0.3509,-0.641,0.0,0.25,20.000000000000004,28.55,12.999999999999998,21.298,32.05479452054794,51.778
7133,Sr2BrN2,5.4423,-3.63989,0.0,-0.068,-0.19683,-0.058,0.0,-0.148,,28.996,,8.734,,23.422
3384,RbHfMg6O7,5.65473,-3.62039,,2.434,-2.449970374272989,-2.142,,0.398,,55.043,,22.533,,58.108
6982,NbS2,5.37693,-3.58174,0.0,0.074,-1.08445,-1.096,2.3875,2.49,50.4,51.986,32.0,31.047,79.23144104803494,77.693
5164,Mn3VO8,5.56546,-3.55721,0.5214999999999999,0.452,-1.91598260524,-2.378,,2.016,42.00000000000001,74.913,28.0,34.814,68.72727272727272,90.176
7376,Bi2Pt,5.57899,-3.53832,0.0,-0.006,0.04235,0.091,0.0,-0.08,30.999999999999996,28.25,9.0,8.484,24.61764705882353,23.417
7413,PI2,5.37071,-3.53681,1.594,1.601,-0.05037,0.015,0.6738,0.521,11.07,7.437,6.82,4.603,16.974184361728703,11.688
7050,TiGeO3,5.64598,-3.52398,2.01,3.316,-2.20488,-2.968,2.0848,2.171,187.73,80.214,87.98,36.695,228.27889583365325,93.762
6989,Ga,4.84575,-3.51518,0.0,0.556,0.04287,-0.818,0.0429,0.088,45.19,20.237,6.45,12.9,18.47119771863118,32.023
6948,Ag2Se,5.83168,-3.50413,0.074,0.037,-0.06499,0.046,0.2296,0.127,63.44,60.141,14.85,13.193,41.32551542623192,37.474
6975,SnF4,4.87863,-3.49809,3.368,3.732,-2.38709,-2.564,0.0116,-0.161,19.58,17.894,13.71,11.534,33.34680745341615,29.039
7126,NiS2,5.71763,-3.49629,0.0,-0.084,0.00882,0.119,1.4334,1.29,26.87,26.411,10.2,10.482,27.162933597621407,27.532
4302,SrH9ClO5,5.43522,-3.47394,4.6187000000000005,4.83,-1.6509906629431246,-1.749,,0.996,,29.841,,17.966,,44.851
6527,CoI2,5.58275,-3.46565,0.0,0.246,0.01733,-0.037,0.7879,0.116,26.82,-4.187,13.25,-5.196,34.12960196350443,-12.023
6074,ScAs2,5.56664,-3.44182,0.0,0.037,-0.72684,-0.711,1.8997,1.973,75.8,76.257,34.72,37.461,90.36313139020295,96.018
1119,PI3,5.32907,-3.42981,1.972,1.952,-0.03756,0.034,0.4933,0.381,9.81,6.725,6.37,3.666,15.709701117318438,9.503
4539,Mg(ReO4)2,5.0132,-3.37735,1.1,1.153,-1.91706,-1.928,0.0,-0.142,17.999999999999996,15.765,12.999999999999998,10.4,31.432835820895523,25.717
5233,Sr2FeBrO3,4.94632,-3.37196,0.0,-0.071,-2.38774,-2.602,1.1993,1.197,57.68,61.62,36.43,36.87,90.28281663245333,91.933
1511,SeI,5.07172,-3.37086,,0.475,,-0.214,,0.758,,19.986,,9.071,,23.494
3765,Nb3SBr7,5.48065,-3.36982,0.74,0.625,-1.05071,-1.048,1.8609,1.892,36.92,36.952,22.71,23.483,56.53763991908295,58.044
6306,SiO,5.06958,-3.36158,,1.609,-2.0532723431250006,-2.177,,1.079,,76.733,,35.87,,92.076
7087,AgBiO2,4.9864,-3.33956,1.304,0.628,-0.91121,-0.609,1.1324,1.053,56.02,94.362,21.61,12.554,57.443611535825376,37.646
6482,TiBr3,4.85467,-3.33387,0.0,0.109,-1.23487,-1.286,0.5834,0.337,21.22,18.303,14.69,10.827,35.807226547543074,26.899
7639,CrSe,5.39394,-3.31806,0.0,0.048,-0.30108,-0.232,1.9061,1.969,59.67,57.339,19.44,20.628,52.607020408163265,53.843
7090,ErAgP2Se6,5.1191,-3.30044,1.651,0.444,-0.54348,-0.159,1.7896,0.725,29.04,34.45,14.19,12.381,36.60742671009772,32.174
7113,SnO,5.66431,-3.27857,0.507,0.475,-1.42902,-1.495,0.2262,0.28,47.82,46.364,32.25,28.365,78.9924022537135,71.01
6053,SiTe,5.78538,-3.27298,,0.369,,-0.1,,0.837,,32.188,,23.536,,56.728
7029,SiS,5.2337,-3.26093,0.658,0.709,-0.38924,-0.276,1.4819,1.434,6.63,4.231,5.44,4.542,12.815033557046979,10.351
6994,Se,4.8803,-3.23578,0.0,-0.009,0.13368,0.19,0.1337,0.052,70.6,57.463,17.58,16.948,48.69793356003138,45.359
1946,AuS2,5.10892,-3.22755,0.0,0.034,0.02501,0.181,1.255,1.152,38.77,39.114,22.22,18.524,55.96783801342669,47.713
4144,Li2P4WO13,4.8224,-3.21773,2.9840999999999998,3.326,-2.5753209036160714,-2.764,,1.324,,98.012,,40.023,,103.501
1706,Al2Se5,5.21811,-3.19889,,0.621,,-0.721,,0.876,,32.788,,17.211,,43.439
4758,NaSbO2,4.73705,-3.19574,0.656,0.662,-1.51753,-1.573,1.0491,1.014,72.97,70.386,33.5,32.554,87.16158234618281,84.353
5281,MnF4,4.96872,-3.14918,0.033,-0.024,-2.27007,-2.314,0.3222,0.411,44.99,42.317,32.97,26.334,79.49197749196142,65.686
6293,SrAs2,5.19466,-3.10912,,0.705,,-0.856,,1.608,,70.816,,39.71,,99.479
3452,LiAuF4,5.13621,-3.10715,,2.828,,-2.192,,-0.031,,44.907,,17.409,,44.848
4779,PrTe2Se,5.17079,-3.10531,0.0,-0.013,-1.13812,-1.102,0.0,-0.178,,24.084,,14.375,,35.82
4653,SmZnPO,4.76927,-3.08075,1.474,2.06,-1.84605,-2.091,0.0,1.938,93.99999999999997,59.945,55.00000000000001,34.801,138.0712166172107,86.485
5543,NaMgSb,4.95886,-3.0807,1.172,1.181,-0.57515,-0.533,0.0,-0.07,29.1,23.816,17.86,14.468,44.480163560289085,36.007
166,NbF3,5.05978,-3.05827,0.0,0.192,-2.69514,-2.756,0.5865,0.648,95.03,93.146,44.96,49.296,116.50640569610665,125.899
6071,CoBr3,5.3025,-3.02569,,0.366,,-0.572,,-0.027,,24.906,,13.669,,33.942
6993,Ag2SO4,4.81966,-2.98162,1.29,1.331,-0.91061,-0.824,1.6617,1.719,70.79,69.353,9.07,14.151,26.09550081286127,39.135
7114,Pt2Pb,4.88648,-2.96567,0.0,-0.113,0.77342,-0.107,0.0,0.107,,45.771,,26.553,,66.9
5506,TiTl2F6,4.40349,-2.94984,3.589,3.994,-2.89474,-3.0,0.0,-0.165,37.11,32.063,13.77,15.241,36.76292805755396,39.355
6525,Li2CeAs2,5.07631,-2.94583,0.706,0.682,-1.03869,-1.06,1.5402,1.621,52.51,51.039,33.05,30.709,81.95560656941967,76.728
7707,VOF,4.79311,-2.93532,0.633,0.634,-2.57675,-2.643,1.0992,1.027,91.08,96.821,47.77,48.821,121.98381483442884,125.301
1444,Au2S,4.78047,-2.91833,2.149,1.927,-0.04796,-0.058,0.7992,0.74,74.27,73.14,5.02,2.323,14.728168371153927,9.516
1437,SI,5.04216,-2.89134,0.0,-0.06,0.41484,0.347,0.7307,0.704,,14.433,,6.817,,18.282
6357,Be2Ge,4.54582,-2.89126,,0.961,,-1.342,,0.703,,35.276,,22.025,,54.82
1730,ZrBr2,5.35007,-2.887,0.0,1.185,-1.2400776033333338,-1.832,,0.352,,46.239,,25.222,,62.188
6576,VPbClO3,5.09856,-2.88093,2.0,2.178,-2.01368,-2.142,1.8709,2.061,47.91,50.104,25.97,26.398,65.98706128461991,66.577
6996,Co3SbO8,5.03532,-2.87228,0.0,-0.054,-1.04185,-1.042,0.0,-0.187,,17.042,,8.345,,21.022
7051,Mg2SiO4,4.65941,-2.84704,4.021,3.321,-2.66738,-1.485,1.4231,2.192,193.24,76.519,116.73,40.925,291.4956519491708,101.017
6263,B3Os2,4.55694,-2.84077,0.0,-0.113,-0.25834391200000084,0.643,,3.299,,100.372,,8.359,,25.516
3274,C,5.04758,-2.83021,3.536,3.785,0.23802,0.349,0.2419,-0.02,419.28,483.952,475.47,533.657,1035.1267542447686,1175.624
1831,MgCu,4.68979,-2.82438,0.0,-0.03,-0.0910529999999996,-0.054,,-0.008,68.99999999999999,63.522,36.0,34.171,92.0,86.027
7091,TmAgP2Se6,4.59889,-2.81675,1.667,0.738,-0.54342,-0.422,1.7876,0.598,29.24,30.662,14.51,13.655,37.35157585835859,34.838
4455,TlPd2Se3,4.82107,-2.80873,0.0,0.722,-0.38275,-0.466,1.2045,0.507,39.37,45.819,19.32,24.476,49.811944990176826,61.536
6139,YSn5,4.93795,-2.807,,0.703,,-1.46,,0.319,,33.417,,21.683,,53.713
6941,TePb,4.67154,-2.80693,1.013,0.964,-0.41685,-0.391,0.1779,0.058,41.38,38.475,30.03,26.767,72.54182136602451,64.97
6974,Sb2TeSe2,4.48233,-2.80479,0.4,0.384,-0.23647,-0.214,1.4255,1.365,36.62,37.554,23.21,19.188,57.48517171413542,48.627
7059,DyTe3,4.75639,-2.80285,0.0,-0.021,-0.53742,-0.517,0.0,-0.223,,27.12,,15.233,,37.986
3523,GaTeCl,4.45696,-2.80039,0.0,0.228,-0.31173,-0.265,0.1342,-0.073,14.89,10.652,1.53,2.127,4.437993506493505,6.582
6283,Na2I,4.54108,-2.78119,0.0,-0.029,-0.53526,-0.512,0.1402,0.001,9.54,8.061,1.45,0.421,4.140239441303624,2.588
4382,Pr4C2Cl5,4.62462,-2.76918,0.0,-0.08,-1.56424,-1.527,0.0,-0.154,,18.605,,11.007,,27.554
6978,Si,4.9752,-2.75656,0.0,-0.03,0.16663,0.294,0.1714,0.023,81.6,92.789,65.34,74.928,154.72269297736509,175.639
8,TcSe2,4.76737,-2.74086,,0.163,,-0.066,,0.666,,29.441,,11.486,,29.938
1877,HgF2,3.93091,-2.73406,0.862,0.92,-1.39914,-1.354,0.0,-0.045,97.63,84.626,19.52,20.708,54.9010543836625,57.273
1887,B2S,5.2528,-2.72482,0.0,-0.024,0.45373,0.657,3.3598,3.622,101.08,101.972,9.45,6.568,27.49321692411014,22.704
3838,Te4MoBr,4.89188,-2.70943,0.855,0.857,-0.25520274499999945,-0.165,,1.979,,72.885,,55.694,,132.906
7134,SbCl5,4.95033,-2.6938,1.261,1.207,-0.59178,-0.49,0.2907,0.167,11.39,11.243,5.29,2.93,13.74247085656361,8.458
6186,SnSe2,5.18567,-2.66642,0.471,0.513,-0.33426,-0.786,0.8348,0.207,37.68,24.868,20.75,13.529,52.595410718289855,34.352
2000,OsCl3,4.78611,-2.61054,,1.058,,-0.59,,1.263,,37.141,,16.862,,43.152
6694,BaV4O8,5.13296,-2.57664,0.0,-0.078,-2.45408,-2.742,3.2579,3.722,31.42,22.942,8.87,7.835,24.32132842044022,20.002
6739,CaPbI4,4.70123,-2.55472,2.899,2.995,-1.18747,-1.218,0.003,-0.048,14.93,13.081,8.16,5.332,20.707444759206798,14.314
4014,Mn2F7,4.61931,-2.55409,0.0,-0.024,-2.05748,-2.314,0.7491,0.411,43.04,42.317,23.31,26.334,59.236118874237356,65.686
1739,BiI4,4.44501,-2.50844,0.46820000000000006,0.432,-0.26299126400000006,-0.15,,0.313,,14.015,,6.4,,16.942
4882,TeO3,5.03654,-2.47776,1.376,1.505,-0.84544,-0.859,1.8207,1.916,86.33,88.138,44.66,49.086,114.27459311707558,121.445
5586,LiMn5O5F,4.39178,-2.44426,0.0,-0.055,-2.095621260658181,-2.2,,0.864,,44.361,,25.934,,64.963
6371,SiTe,4.917,-2.41234,,0.369,,-0.1,,0.837,,32.188,,23.536,,56.728
3115,Mg3C,4.78,-2.40213,,0.126,0.6849452828125004,0.1,,0.039,,47.881,,29.132,,71.034
3635,Nb(SCl)2,4.70075,-2.3514,1.457,1.488,-1.08553,-1.103,1.803,1.858,36.1,33.69,22.3,19.746,55.476799387442576,49.117
5613,Li2Cr4O13,4.92913,-2.3447,1.5112,1.453,-1.6715065887499998,-1.788,,1.489,,38.83,,21.626,,54.366
5852,CaTeO3,5.16616,-2.34115,3.5123999999999995,3.711,-2.3948401820000003,-2.497,,1.412,,77.192,,32.971,,84.882
1498,YMg5,3.96229,-2.31697,0.0,0.001,-0.02181,0.046,0.1712,0.045,37.66,34.135,17.25,14.634,44.8953006219765,38.218
3863,La2PBr2,5.78882,-2.27266,0.0,-0.087,-1.8465588344285713,-1.931,,0.245,,24.44,,15.747,,38.877
1241,CrO3,4.46775,-2.24277,1.902,1.996,-1.70516,-1.789,2.5734,2.782,22.91,19.615,12.05,12.168,30.75748328794256,30.005
6046,SiP2,4.1315,-2.17358,1.194,1.255,-0.13219,-0.009,2.6429,2.923,33.73,31.582,25.1,23.907,60.33420698392589,57.738
1776,VSe3,4.43804,-2.16513,0.0,-0.074,-0.23539,-0.145,2.0703,2.089,18.62,17.901,7.81,8.122,20.555988691691535,20.603
1639,GaTe,3.65293,-2.14492,0.917,0.752,-0.35031,-0.283,0.0486,-0.019,26.04,23.483,16.53,13.724,40.92943264659271,33.891
3553,USe2O7,3.95438,-2.13524,2.1387,2.275,-2.1758798403437503,-2.374,,1.841,,70.528,,29.94,,77.507
6155,NiBi2,4.67184,-2.1098,0.0,-0.063,0.21247,0.286,0.0,-0.096,,34.608,,13.033,,34.076
7716,Te2W,4.82931,-2.08866,0.95,0.998,-0.03597,-0.064,2.9228,3.053,41.34,38.583,30.95,28.598,74.30636252177842,69.945
4888,Ti(GaO2)4,5.63659,-2.08249,2.3608000000000002,2.57,-2.563907287435897,-2.751,,1.467,150.99999999999994,161.739,70.00000000000001,77.198,181.89292543021034,194.205
5347,CuMoO4,4.28502,-2.07836,0.0,0.092,-1.6327,-1.68,2.5389,2.689,131.37,133.798,58.8,64.122,153.4984963900112,165.426
3896,TmBrO,4.32332,-2.0522,4.553,4.954,-3.09072,-3.227,0.0566,-0.085,42.51,42.466,26.53,23.26,65.88415357652862,57.958
4276,FeOF,4.64111,-2.04723,0.0,-0.058,-1.72093,-1.799,1.111,1.171,172.31,176.518,90.45,99.163,230.94101797886,250.054
4612,HoBrO,4.39437,-2.04337,3.77,4.088,-3.11975,-3.267,0.0622,-0.053,50.06,47.682,26.35,24.672,67.25049000169943,62.157
6260,Rb2F,4.12111,-2.03549,0.0,-0.099,-1.84711,-1.875,0.0168,-0.13,10.71,5.639,4.49,4.661,11.818435281267067,11.23
2784,VCl5,4.26855,-2.02528,1.0463,0.706,-1.4562933760500012,-1.262,,1.188,,40.088,,18.68,,48.335
3535,InTeI,4.48148,-1.98598,1.427,1.304,-0.4031,-0.315,0.0,-0.043,16.83,14.565,8.02,6.815,20.762081695436674,17.393
5246,LiAg(CO2)2,4.24657,-1.97314,,1.44,,-1.377,,1.346,,80.896,,21.891,,59.244
6017,BiTe,4.00767,-1.92191,,0.32,0.1610644925,0.192,,0.446,,33.077,,19.034,,46.549
1445,Al2S3,5.69406,-1.9067,3.131,0.644,-1.22286,-1.222,1.6863,1.252,40.07,33.907,24.04,21.546,60.10083327556326,53.58
4281,NbI2O,4.54132,-1.89142,0.681,0.637,-1.33465,-1.304,1.4791,1.425,36.39,37.876,23.27,22.149,57.54422908486862,55.346
681,USe5,4.25535,-1.87251,,0.098,,-0.574,,1.725,,29.691,,15.207,,38.354
1609,AsC,3.62251,-1.87183,0.243,0.292,0.76617,0.76,3.1618,3.372,37.01,35.483,21.53,17.361,54.09948476161738,43.599
6300,P2Pt,3.79092,-1.86404,1.024,0.012,-0.68546,0.06,2.3085,1.856,172.43,60.603,121.94,36.685,296.03589912863913,90.813
3994,Ba2LiN,3.98659,-1.86092,0.0,-0.055,-0.36769415153250007,-0.27,,0.34,16.0,13.587,6.0,2.662,16.0,8.126
524,PdCl2,4.6717,-1.84397,0.658,0.614,-0.44889,-0.389,0.4014,0.281,25.7,23.531,13.02,10.828,33.41684420772304,28.071
4234,Ta2MoO8,4.51903,-1.81838,,-0.088,-2.607533224090908,-1.76,,2.972,,152.171,,71.532,,186.299
3834,HfS2,3.85358,-1.79898,1.078,1.045,-1.70531,-1.73,2.1772,2.207,46.27,44.084,34.26,30.23,82.43422776911076,74.18
7557,NbC,3.79259,-1.78043,0.0,0.091,-0.52754,-0.483,3.5721,4.048,299.63,312.917,195.56,206.371,481.85004815203985,503.673
3595,Ca(HO)2,3.84274,-1.77641,4.465,4.723,-1.99357,-2.038,1.6306,1.634,43.28,44.596,26.39,23.976,65.79679190936439,60.672
7539,NaMgSb,3.52389,-1.76805,1.172,1.181,-0.57515,-0.533,0.0,-0.07,29.1,23.816,17.86,14.468,44.480163560289085,36.007
3482,Cd3P2,3.92279,-1.74317,0.0,-0.142,0.138467965142857,0.301,,0.852,,48.032,,23.122,,57.933
1028,NiSb2,3.98109,-1.74151,0.0,0.014,-0.1832,-0.122,1.1985,1.178,86.13,85.554,43.88,46.938,112.5300545869587,117.697
3771,As2O3,4.01126,-1.62156,3.406,3.713,-1.26178,-1.385,2.2749,2.408,21.29,20.225,14.09,13.949,34.63038609543355,34.567
1745,PPb,3.74705,-1.61914,0.0,-0.013,0.1340888245535714,0.238,,0.639,,33.278,,22.72,,55.194
834,P2S3,3.87372,-1.60918,2.4895,-0.015,-0.5450824342946425,0.22,,1.5,,31.41,,18.712,,47.0
6668,Te2SO7,4.11947,-1.55891,3.634,3.641,-1.21068,-1.439,2.3453,2.416,39.79,39.743,23.63,23.706,59.1757993006993,58.378
520,As2Pt,3.66681,-1.52883,0.068,0.046,-0.48214,-0.372,1.9873,1.974,135.77,142.289,86.2,89.323,213.4310672529432,221.226
3747,ZrSe3,3.8697,-1.5191,0.297,0.387,-1.1037,-1.069,1.8419,1.785,38.02,37.195,23.97,22.427,59.422260378178656,55.682
7719,YClO,4.19734,-1.51788,1.893,2.195,-2.59859,-2.748,0.7368,0.62,77.66,77.679,43.47,44.347,109.90385892566466,110.289
3518,Hg2ClO,3.85331,-1.48463,1.798,0.897,-0.28077,-0.187,0.207,0.043,25.59,154.172,9.19,-3.149,24.62248604001861,7.039
6674,InGaS3,3.91125,-1.42586,1.953,1.899,-0.62969,-0.596,0.0,0.0,,18.566,,11.277,,27.548
7600,UBrO2,3.24883,-1.33794,0.075,0.011,-2.83573,-2.992,1.9632,2.059,70.18,80.21,43.23,41.695,107.59716514954488,106.533
3675,UBr4,3.93366,-1.30432,0.176,0.128,-1.35092,-1.359,0.9294,0.675,19.46,14.431,8.83,9.217,23.009763428061298,22.454
51,P2Pt,3.54392,-1.26141,1.024,0.012,-0.68546,0.06,2.3085,1.856,172.43,60.603,121.94,36.685,296.03589912863913,90.813
4442,Hg,3.60701,-1.25944,0.149,0.493,0.2387,1.31,0.2387,-0.586,13.72,313.39,5.01,-9.064,13.39906432748538,3.776
3811,HgPS3,4.36913,-1.23863,1.679,1.711,-0.15992,-0.129,1.4541,1.455,28.96,26.677,15.59,13.792,39.65431443349273,34.378
7292,ClF,3.89451,-1.22808,2.092,5.846,-0.37725,-1.896,0.0,0.399,14.77,3.049,8.58,5.927,21.564367555303463,14.879
7282,KAuSe2,3.87863,-1.18629,0.858,0.762,-0.62449,-0.61,0.461,0.364,28.57,26.993,14.2,14.713,36.54535081573415,37.476
3740,Ge(BiTe2)2,3.27604,-0.85081,1.048,0.902,-0.14086,-0.107,0.0,-0.162,,29.057,,19.374,,45.809
7728,Mg2Al2Se5,3.19022,-0.81861,1.307,0.716,-1.11609,-0.505,1.0105,0.163,41.51,26.836,23.29,14.223,58.86152820998512,35.759
