material_id,formula,work_function_eV,E_ads_DFT_eV,band_gap,formation_energy,energy_hull,bulk_modulus,shear_modulus,young_modulus,data_source,calculation_method,chemical_family,chemsys_type,mean_atomic_mass,mean_electronegativity,mean_atomic_radius,mean_valence_electrons,li_atomic_fraction,n_elements,pugh_ratio,poisson_ratio,cauchy_pressure,hardness_gpa,vol_expansion_resist,electronic_class,cat_stab,split,band_gap_pred,formation_energy_pred,energy_hull_pred,bulk_modulus_pred,shear_modulus_pred,young_modulus_pred,E_ads_DFT_eV_pred
5199,LiCr9O27,9.249854,-7.10229,1.902,-1.70516,2.5734,22.91,12.05,30.75748328794256,high_throughput_screening,DFT_validated,Oxides,Ternary,24.51053243243243,2.9405405405405407,0.8175675675675675,13.16216216216216,0.027027027027027,3,1.901244813278008,0.2762441198316415,4.240000000000002,1.81955,8.975552637386814,Semiconductor,Unstable (>0.1 eV),Train,1.8931250528117967,-1.6564521180275495,2.6177014293651295,14.135648597524062,11.531819491233618,43.433856610912,-7.268704871838217
5207,LiBi4F20,9.301582,-6.82277,1.589,-1.80548,0.0846,35.21,24.41,59.4838888034451,high_throughput_screening,DFT_validated,Halides,Ternary,48.913226560000005,3.5464,0.714,16.040000000000003,0.04,3,1.4424416222859484,0.2184327899107966,-8.21,3.68591,14.44888645984688,Semiconductor,Metastable (0.025-0.1 eV),Validation,1.538681195014528,-1.8452854297083485,0.0693370932476292,43.75783285394055,27.3158419675525,52.537897427635016,-6.743519188295001
1592,GaSe,7.13609,-4.93224,0.725,-0.58159,0.029,33.0,21.14,52.26052938238721,DFT_training_benchmark,DFT,Chalcogenides,Binary,74.3415,2.18,1.225,14.5,0.0,2,1.5610217596972564,0.2360579324121857,-3.3500000000000014,3.19214,13.348886334592848,Semiconductor,Metastable (0.025-0.1 eV),Test,0.6989795248052314,-0.6845546557425151,0.05186485764022285,40.21056967712298,19.771080122781445,50.253786299564524,-5.095355003101816
908,VS2,6.11302,-4.86907,0.0,-0.94178,2.099,49.36,29.91,74.65148828585876,DFT_training_benchmark,DFT,Chalcogenides,Binary,38.35716666666666,2.263333333333333,1.1166666666666667,12.333333333333332,0.0,2,1.6502841858910062,0.2479352772627675,-0.7350000000000136,4.51641,19.776664017467773,Metal,Unstable (>0.1 eV),Train,0.0,-0.9070383260780753,2.031469317651975,55.82070168927802,28.096524853849104,71.33966706474345,-4.895215112596172
2376,PF5,5.80719,-4.39188,7.356,-2.57302,0.0,13.99,7.43,18.937475708502024,DFT_training_benchmark,DFT,Halides,Binary,20.99429633333333,3.681666666666666,0.5833333333333334,16.666666666666668,0.0,2,1.8829071332436071,0.2743927125506072,2.41,1.12193,5.488885990463526,Semiconductor,Stable (<=0.025 eV),Train,7.385127834282837,-2.5409852318519928,0.03934912717881529,12.330387237972435,5.3571039257533215,13.463307375102119,-4.45924431906231
6950,VSe,6.23494,-4.28669,0.0,-0.51504,1.6556,93.16,20.69,57.79166339074524,DFT_training_benchmark,DFT,Chalcogenides,Binary,64.95075,2.09,1.25,10.5,0.0,2,4.502658289028516,0.3966085884665356,88.01500000000001,3.12419,33.35221645111018,Metal,Unstable (>0.1 eV),Train,0.0,-0.5656964384986417,1.7054222171985587,97.40349451430328,24.37659855635706,54.687260615765844,-4.178299208187967
7076,ZrS2,6.20593,-4.22558,0.911,-1.68597,1.8375,44.09,31.87,77.04602595345438,DFT_training_benchmark,DFT,Chalcogenides,Binary,51.78466666666666,2.163333333333333,1.1833333333333331,12.0,0.0,2,1.3834326953247569,0.2087547215791397,-13.539999999999992,4.81237,18.237775410650443,Semiconductor,Unstable (>0.1 eV),Train,0.9982883223489822,-1.7372345327800696,1.8171620401931794,44.170078935462975,37.22893595647341,76.78060387771903,-4.253573379476907
2307,ZrO2,5.47201,-4.20357,3.914,-3.64248,1.4873,178.77,46.68,128.82699943395255,DFT_training_benchmark,DFT,Oxides,Binary,41.07426666666667,2.7366666666666664,0.9166666666666664,12.0,0.0,2,3.829691516709512,0.3798950239283693,151.45500000000004,7.04868,64.77666163847677,Semiconductor,Unstable (>0.1 eV),Train,4.039010678662031,-3.67360320164696,1.5373093760216723,165.39109166361018,48.25048785303912,121.36950214778949,-4.29914087455477
3073,PbSe,6.17733,-4.19048,0.76,-0.59552,0.2479,50.29,33.33,81.89734690553746,DFT_training_benchmark,DFT,Chalcogenides,Binary,143.07999999999998,2.44,1.475,15.0,0.0,2,1.508850885088509,0.2285830618892508,-7.889999999999986,5.03283,20.466664167603515,Semiconductor,Unstable (>0.1 eV),Train,0.7532330440970211,-0.6533446752407732,0.19471991877603276,43.73918355800947,34.0376235807887,76.34467187513317,-4.250526964001073
7042,FeC2O6,5.77587,-4.17171,0.0,-1.17809,0.0,19.0,12.000000000000002,29.739130434782616,DFT_training_benchmark,DFT,Oxides,Ternary,19.54031111111111,3.063333333333333,0.711111111111111,14.666666666666666,0.0,3,1.583333333333333,0.2391304347826087,-1.5000000000000036,1.8120000000000005,7.666664088694823,Metal,Stable (<=0.025 eV),Train,0.06378780473040517,-1.2262037265658485,0.0,24.167506063453096,10.03060785437797,35.368864283180564,-4.148891449537886
7120,AgClO2,6.2302,-4.16693,0.353,0.24216,1.2206,19.57,1.32,3.872923538230885,DFT_training_benchmark,DFT,Oxyhalides,Ternary,43.83,2.9925,0.95,15.0,0.0,3,14.825757575757576,0.4670164917541229,26.055,0.19932,6.669982777912572,Semimetal,Unstable (>0.1 eV),Train,0.43641226689085466,0.27536701534510666,1.2758393097921683,12.652253349573115,3.4712261087915506,12.84772708946831,-4.246735833103118
4684,K(SbSe2)2,5.53608,-4.08341,1.091,-0.52624,1.2058,25.19,13.41,34.167016183412,DFT_training_benchmark,DFT,Chalcogenides,Ternary,85.49404285714286,2.16,1.3857142857142857,13.571428571428571,0.0,3,1.8784489187173752,0.273937963587323,4.260000000000005,2.02491,9.886663773038578,Semiconductor,Unstable (>0.1 eV),Train,1.1126751227632374,-0.4884937750901386,1.1106763516206173,21.161221913522034,13.66563853712464,32.33992410658073,-4.079184834044139
1995,HfCl4,5.24459,-4.03627,3.912,-1.87674,0.8768,14.97,9.3,23.11361372440509,DFT_training_benchmark,DFT,Halides,Binary,64.0604,2.7880000000000003,1.11,14.400000000000002,0.0,2,1.6096774193548389,0.2426674045379081,-0.7949999999999982,1.4043,6.023330727366651,Semiconductor,Unstable (>0.1 eV),Train,3.8905902731668767,-1.9637503824674891,0.8446863334750963,18.886200139158436,3.1172372137752777,31.09861307214045,-4.054184271622782
3550,SbI3,6.05501,-3.99744,2.003,-0.3086,0.0848,10.77,5.7,14.535674822415151,DFT_training_benchmark,DFT,Halides,Binary,125.6183525,2.5075000000000003,1.4125,16.5,0.0,2,1.8894736842105264,0.2750591949486977,1.9050000000000007,0.8607,4.22333042784014,Semiconductor,Metastable (0.025-0.1 eV),Train,2.0045843107064854,-0.20231505495271293,0.0820893430017212,8.805532556889881,6.420390603063321,7.118455668879527,-3.9274523146017537
6960,ZrBr3,5.79321,-3.98859,0.407,-1.24148,0.0,5.000000000000001,4.0,9.473684210526317,DFT_training_benchmark,DFT,Halides,Binary,82.734,2.5525,1.25,13.75,0.0,2,1.2500000000000002,0.1842105263157895,-2.4999999999999982,0.604,2.1111088827184017,Semimetal,Stable (<=0.025 eV),Test,0.3939781976198958,-1.1878862490618727,0.006246713729651421,0.0,7.560627628912273,10.4873359020192,-3.99326763610318
1068,Nb2O5,4.99861,-3.9619,1.84,-2.39579,3.4128,145.69,57.55,152.56183635922528,DFT_training_benchmark,DFT,Oxides,Binary,37.97282285714285,2.9142857142857146,0.8428571428571427,12.857142857142858,0.0,2,2.531537793223284,0.3254720795762403,74.66,8.69005,54.957774175449984,Semiconductor,Unstable (>0.1 eV),Train,1.7173265554058466,-2.378978038760969,3.426157455793043,147.59700607953022,58.71283614937417,171.21069965045405,-3.9069032319830765
6967,NaHO,5.96233,-3.9428,3.652,-1.39886,0.7984,31.39,15.17,39.19587250777391,DFT_training_benchmark,DFT,Oxides,Ternary,13.33236976,2.19,0.8833333333333333,6.0,0.0,3,2.069215557020435,0.2918876897750137,9.160000000000004,2.29067,12.14888578935697,Semiconductor,Unstable (>0.1 eV),Train,3.5046868719894713,-1.4068464931187383,0.8282018491231438,32.033967595518824,11.806420323284692,29.555425671329015,-4.043217632930874
6995,CN2,5.49157,-3.84911,2.017,0.82056,5.1075,220.2,185.38,434.27277713421125,DFT_training_benchmark,DFT,Pnictides,Binary,13.341366666666667,2.876666666666666,0.6666666666666666,14.666666666666666,0.0,2,1.1878304024166575,0.1713042861533369,-133.15000000000003,27.99238,93.99777561329084,Semiconductor,Unstable (>0.1 eV),Train,1.928242160394708,0.8733513788134699,5.052548287067552,229.94489528328177,190.98165120834497,416.9157550423291,-3.890436124786345
7124,PbIF,5.70706,-3.84182,2.013,-1.59793,0.0,31.31,15.55,40.02406375593716,DFT_training_benchmark,DFT,Halides,Ternary,117.70095773333333,2.99,1.2333333333333334,15.999999999999998,0.0,3,2.013504823151125,0.2869473876507124,8.089999999999996,2.34805,12.164441405162504,Semiconductor,Stable (<=0.025 eV),Train,2.070181268485321,-1.645525098031347,0.0,23.647603696011718,18.273696003389514,27.4789630741272,-3.8211684869374847
1526,VS,5.09963,-3.81623,0.0,-0.63798,1.7655,141.59,68.45,176.85114046470136,DFT_training_benchmark,DFT,Chalcogenides,Binary,41.50325,2.105,1.175,10.5,0.0,2,2.068517165814463,0.2918271765135234,41.25999999999999,10.33595,54.80221912344554,Metal,Unstable (>0.1 eV),Train,0.009253394765862758,-0.6094827602714036,1.7634428418513404,139.6998365239797,60.02783069069001,185.19205756296998,-3.844403262179948
1358,Cu2Te,5.17271,-3.78192,0.0,0.12454,0.0944,35.98,13.69,36.44738797993916,DFT_training_benchmark,DFT,Chalcogenides,Binary,84.89733333333334,1.9666666666666663,1.3666666666666667,12.666666666666666,0.0,2,2.6281957633308983,0.3311682972950752,19.745,2.06719,13.514440736513231,Metal,Metastable (0.025-0.1 eV),Test,0.1461471626692762,0.057005355598446494,0.06765039105162073,29.030204731533324,21.533825274074818,52.32033148298781,-3.8374514902911643
3857,AgSb2F12,5.40842,-3.77956,0.535,-2.07728,0.062,21.79,10.55,27.25185063224447,DFT_training_benchmark,DFT,Halides,Ternary,38.62460255999999,3.5860000000000003,0.7,16.333333333333336,0.0,3,2.065402843601896,0.2915569020021075,6.310000000000002,1.59305,8.435552460150193,Semiconductor,Metastable (0.025-0.1 eV),Test,0.3864829637263395,-2.0180667914217985,0.11653464010071088,15.478299716681438,15.969190707954326,29.284568660426828,-3.789108001960787
6466,Bi2Pt,5.84296,-3.77778,0.0,0.04235,0.0,31.0,9.0,24.61764705882353,DFT_training_benchmark,DFT,Pnictides,Binary,204.34826666666663,2.1066666666666665,1.5166666666666666,13.333333333333332,0.0,2,3.4444444444444446,0.3676470588235294,24.0,1.359,11.333328729591676,Metal,Stable (<=0.025 eV),Train,0.11573227063735314,0.05175959482339437,0.01745861710106576,32.406573050746914,9.215299121770908,38.46561091545775,-3.7246608566121804
6493,BiBr3,5.50025,-3.74499,2.69,-0.74825,0.0,13.02,6.09,15.805674418604648,DFT_training_benchmark,DFT,Halides,Binary,112.1731,2.725,1.2625,16.5,0.0,2,2.1379310344827585,0.2976744186046511,4.3050000000000015,0.91959,5.01666349270309,Semiconductor,Stable (<=0.025 eV),Test,2.54754346303309,-0.7271699090940905,0.06211533865157205,23.082075614041184,5.49038318527592,0.0,-3.72670903073138
425,TaS2,5.67032,-3.72668,0.0,-1.14598,2.7287,66.2,41.04,102.03485227841765,DFT_training_benchmark,DFT,Chalcogenides,Binary,81.69262666666667,2.22,1.15,12.333333333333332,0.0,2,1.6130604288499026,0.243114672008012,-3.299999999999983,6.197039999999999,26.62666405710106,Metal,Unstable (>0.1 eV),Train,0.001151626633432055,-1.1342328464767872,2.6363613576604923,61.71971742608493,35.94565746148205,86.50237036492611,-3.7606896998354595
7135,BCl3,5.08893,-3.67679,4.531,-0.95171,0.9536,8.78,5.61,13.874873239436624,DFT_training_benchmark,DFT,Halides,Binary,29.292500000000004,2.88,0.9625,16.0,0.0,2,1.5650623885918002,0.2366197183098591,-0.8550000000000022,0.84711,3.5499974414199094,Semiconductor,Unstable (>0.1 eV),Train,4.637204928131793,-0.8567039289368084,1.0000527148523553,11.737221119136782,9.285860546677386,24.51942389511267,-3.6972705770146823
6976,SbClO,5.75472,-3.6681,1.109,-0.91639,0.9131,91.14,36.63,96.90734978229318,DFT_training_benchmark,DFT,Oxyhalides,Ternary,57.73746666666668,2.883333333333333,1.0166666666666666,16.0,0.0,3,2.488124488124488,0.3227866473149492,45.135000000000005,5.53113,34.449996445058446,Semiconductor,Unstable (>0.1 eV),Train,1.1965272782363343,-0.8154733764702459,0.9188850951524583,90.89230904377848,34.1481931402277,98.17625233268285,-3.6409176160047614
6492,AlPd5I2,5.09837,-3.64809,0.0,-0.3509,0.0,20.000000000000004,12.999999999999998,32.05479452054794,DFT_training_benchmark,DFT,Halides,Ternary,101.611309825,2.24125,1.38125,12.125,0.0,3,1.538461538461539,0.2328767123287671,-2.499999999999986,1.963,8.111108580722538,Metal,Stable (<=0.025 eV),Train,0.0,-0.3753518499910959,0.02366199240776405,17.411398987787738,15.151712140712194,33.11219518515789,-3.623705528661196
6982,NbS2,5.37693,-3.58174,0.0,-1.08445,2.3875,50.4,32.0,79.23144104803494,DFT_training_benchmark,DFT,Chalcogenides,Binary,52.34546,2.2533333333333334,1.15,12.333333333333332,0.0,2,1.575,0.2379912663755458,-4.400000000000006,4.832,20.35555298642988,Metal,Unstable (>0.1 eV),Train,0.0,-1.07230552510278,2.4046436515038443,48.80097381667858,28.063477622950547,80.55341398434577,-3.5740200254608294
7376,Bi2Pt,5.57899,-3.53832,0.0,0.04235,0.0,31.0,9.0,24.61764705882353,DFT_training_benchmark,DFT,Pnictides,Binary,204.34826666666663,2.1066666666666665,1.5166666666666666,13.333333333333332,0.0,2,3.4444444444444446,0.3676470588235294,24.0,1.359,11.333328729591676,Metal,Stable (<=0.025 eV),Validation,0.0966481504996522,0.01444671226871615,0.0,49.41133578804086,7.500879332878511,20.825788794173015,-3.593178096984886
7413,PI2,5.37071,-3.53681,1.594,-0.05037,0.6738,11.07,6.82,16.974184361728703,DFT_training_benchmark,DFT,Halides,Binary,94.92756733333334,2.5033333333333334,1.2666666666666666,16.333333333333332,0.0,2,1.6231671554252198,0.2444416687484386,-0.4450000000000003,1.02982,4.447775157460322,Semiconductor,Unstable (>0.1 eV),Train,1.529710054024473,-0.0757223051673559,0.7161805615123567,5.028003428899296,12.81074759432158,5.488270807819681,-3.627479698252199
7050,TiGeO3,5.64598,-3.52398,2.01,-2.20488,2.0848,187.73,87.98,228.27889583365325,DFT_training_benchmark,DFT,Oxides,Ternary,33.70104,2.774,0.89,13.2,0.0,3,2.1337804046374176,0.2973340295161017,61.64499999999995,13.28498,72.35221905275627,Semiconductor,Unstable (>0.1 eV),Train,1.9383929622486396,-2.26399509019297,2.0581454648137245,197.3967827556594,86.12039988010716,212.8351111538108,-3.555041445723233
6989,Ga,4.84575,-3.51518,0.0,0.04287,0.0429,45.19,6.45,18.47119771863118,DFT_training_benchmark,DFT,Intermetallics/Alloys,Unary,69.723,1.81,1.3,13.0,0.0,1,7.006201550387597,0.4318757921419519,51.66,0.97395,15.77999145697442,Metal,Metastable (0.025-0.1 eV),Validation,0.045339393775956874,0.017047973607556468,0.053403139365271496,39.97087119065165,0.0,25.903249207766663,-3.589768944845729
6948,Ag2Se,5.83168,-3.50413,0.074,-0.06499,0.2296,63.44,14.85,41.32551542623192,DFT_training_benchmark,DFT,Chalcogenides,Binary,98.23213333333332,2.1366666666666667,1.45,12.666666666666666,0.0,2,4.272053872053872,0.3914314958327241,58.035,2.24235,22.79666115030203,Semimetal,Unstable (>0.1 eV),Train,0.03524451116521981,-0.040267665993736726,0.22092307225959593,58.6443642895111,14.012234133421993,43.749570987170614,-3.658191057997618
6975,SnF4,4.87863,-3.49809,3.368,-2.38709,0.0116,19.58,13.71,33.34680745341615,DFT_training_benchmark,DFT,Halides,Binary,38.94072256,3.576,0.69,16.400000000000002,0.0,2,1.4281546316557254,0.2161490683229813,-4.905000000000008,2.07021,8.049997585976529,Semiconductor,Stable (<=0.025 eV),Train,3.398388159019226,-2.353948882491967,0.006583216508495605,30.51511497392366,12.844365994446047,47.218037514888195,-3.5676140984630256
7126,NiS2,5.71763,-3.49629,0.0,0.00882,1.4334,26.87,10.2,27.162933597621407,DFT_training_benchmark,DFT,Chalcogenides,Binary,40.94113333333333,2.3566666666666665,1.1166666666666667,14.0,0.0,2,2.6343137254901965,0.3315163528245788,14.805,1.5401999999999998,10.0899962853805,Metal,Unstable (>0.1 eV),Train,0.11047858635420127,0.06114519175616017,1.4994192327605163,21.61381892769606,9.025322394890537,44.507056805613495,-3.47087339424885
6527,CoI2,5.58275,-3.46565,0.0,0.01733,0.7879,26.82,13.25,34.12960196350443,DFT_training_benchmark,DFT,Halides,Binary,104.24737833333334,2.4,1.3833333333333333,14.333333333333332,0.0,2,2.0241509433962266,0.2879095080567709,7.105000000000004,2.00075,10.412219171433884,Metal,Unstable (>0.1 eV),Train,0.03698889649044584,-0.0127090271976157,0.7868721454875871,26.024669564155804,11.2088745715186,57.101174546790226,-3.4709049318421115
6074,ScAs2,5.56664,-3.44182,0.0,-0.72684,1.8997,75.8,34.72,90.36313139020297,DFT_training_benchmark,DFT,Pnictides,Binary,64.93303733333333,1.9066666666666667,1.2999999999999998,11.0,0.0,2,2.1831797235023043,0.3013123760109873,26.89999999999999,5.242719999999999,29.12444122139973,Metal,Unstable (>0.1 eV),Validation,0.020280741576971024,-0.6238111867209534,1.9720880950900905,76.96212901350984,33.293093182698115,83.69222969798646,-3.527912587864569
1119,PI3,5.32907,-3.42981,1.972,-0.03756,0.4933,9.81,6.37,15.709701117318438,DFT_training_benchmark,DFT,Halides,Binary,102.921793,2.5425,1.2999999999999998,16.5,0.0,2,1.5400313971742543,0.2331005586592178,-1.2100000000000009,0.96187,3.97777524572754,Semiconductor,Unstable (>0.1 eV),Train,2.0241083049434416,-0.03914918455614808,0.47003416133104015,13.16373428275648,3.1871859759704138,2.9045415115635667,-3.4013866402027007
4539,Mg(ReO4)2,5.0132,-3.37735,1.1,-1.91706,0.0,17.999999999999996,12.999999999999998,31.432835820895523,DFT_training_benchmark,DFT,Oxides,Ternary,47.70129090909091,2.9663636363636363,0.8181818181818181,13.090909090909092,0.0,3,1.3846153846153846,0.2089552238805969,-5.5,1.963,7.444442076079679,Semiconductor,Stable (<=0.025 eV),Train,1.0479002074843562,-1.9170413095401122,0.0,19.865451340705004,12.526074187532267,33.79013193852947,-3.535837079151644
5233,Sr2FeBrO3,4.94632,-3.37196,0.0,-2.38774,1.1993,57.68,36.43,90.28281663245332,DFT_training_benchmark,DFT,Oxyhalides,Quaternary,51.28388571428572,2.43,1.1928571428571426,11.0,0.0,4,1.5833104584133957,0.2391273213347973,-4.555000000000007,5.500929999999999,23.27444186649632,Metal,Unstable (>0.1 eV),Train,0.09800804321790975,-2.341433558229696,1.2442648629172284,60.12668228834756,34.10474464035265,83.79641334446114,-3.3412747045562874
3765,Nb3SBr7,5.48065,-3.36982,0.74,-1.05071,1.8609,36.92,22.71,56.53763991908295,DFT_training_benchmark,DFT,Halides,Ternary,79.10110363636363,2.5545454545454547,1.218181818181818,13.636363636363637,0.0,3,1.6257155438132982,0.2447741065407957,-1.3950000000000031,3.42921,14.829997376969146,Semiconductor,Unstable (>0.1 eV),Validation,0.9215405477234295,-1.0788347745204323,1.8200427248288216,39.7095445779287,25.4786829331003,61.92221490790177,-3.5753530238068345
7087,AgBiO2,4.9864,-3.33956,1.304,-0.91121,1.1324,56.02,21.61,57.443611535825376,DFT_training_benchmark,DFT,Oxides,Ternary,87.21185000000001,2.7075,1.1,14.5,0.0,3,2.59231837112448,0.3290979068909158,30.005000000000003,3.26311,21.074440775726515,Semiconductor,Unstable (>0.1 eV),Train,1.1992430663172313,-0.809380733446152,1.1030424704914286,57.08518210299174,18.772075457777028,49.84125430628978,-3.365876123557497
6482,TiBr3,4.85467,-3.33387,0.0,-1.23487,0.5834,21.22,14.69,35.807226547543074,DFT_training_benchmark,DFT,Halides,Binary,71.89475,2.6049999999999995,1.2125,13.75,0.0,2,1.444520081688223,0.2187619655392469,-4.895000000000003,2.21819,8.705553124327569,Metal,Unstable (>0.1 eV),Train,0.0,-1.2733915923405383,0.6406738261751214,17.376166151505302,6.107358646485277,37.92319662373378,-3.485080736880438
7639,CrSe,5.39394,-3.31806,0.0,-0.30108,1.9061,59.67,19.44,52.60702040816327,DFT_training_benchmark,DFT,Chalcogenides,Binary,65.47805,2.105,1.275,11.0,0.0,2,3.069444444444444,0.3530612244897959,40.905,2.9354400000000003,22.04999580854501,Metal,Unstable (>0.1 eV),Train,0.0,-0.2598869983728566,1.937071892266938,55.84032385252262,24.152727031466004,58.114944957819304,-3.3109980167953896
7090,ErAgP2Se6,5.1191,-3.30044,1.651,-0.54348,1.7896,29.04,14.19,36.60742671009772,DFT_training_benchmark,DFT,Chalcogenides,Quaternary,81.0834724,2.285,1.225,14.0,0.0,4,2.046511627906977,0.2899022801302932,8.085,2.14269,11.256663591699478,Semiconductor,Unstable (>0.1 eV),Train,1.6947086015185224,-0.5597652202742447,1.8036752780286074,43.87602123524505,11.705534092485639,35.4637804975604,-3.341378560354969
7113,SnO,5.66431,-3.27857,0.507,-1.42902,0.2262,47.82,32.25,78.9924022537135,DFT_training_benchmark,DFT,Oxides,Binary,67.3547,2.7,1.025,15.0,0.0,2,1.4827906976744183,0.2246884070343179,-8.894999999999996,4.86975,19.523330861787933,Semiconductor,Unstable (>0.1 eV),Train,0.4601892749872596,-1.538221826845127,0.26942699048305796,59.59906521180756,28.517968078403158,99.82986389509503,-3.338539671240117
7029,SiS,5.2337,-3.26093,0.658,-0.38924,1.4819,6.63,5.44,12.81503355704698,DFT_training_benchmark,DFT,Chalcogenides,Binary,30.07525,2.24,1.05,15.0,0.0,2,1.21875,0.1778523489932885,-3.655000000000001,0.8214400000000001,2.8144422482408715,Semiconductor,Unstable (>0.1 eV),Train,0.6418928543800301,-0.49216658044590694,1.4763743041592987,0.38242764543858154,4.22829883310722,7.858880558064952,-3.153384620700663
6994,Se,4.8803,-3.23578,0.0,0.13368,0.1337,70.6,17.58,48.69793356003138,DFT_training_benchmark,DFT,Chalcogenides,Unary,78.96,2.55,1.15,16.0,0.0,1,4.015927189988624,0.3850379283285378,61.95,2.65458,25.486661433043885,Metal,Unstable (>0.1 eV),Validation,0.0,0.15857593348617263,0.14502652344692324,64.61749344622798,19.129030817534957,55.79920068567215,-3.2780901217769656
1946,AuS2,5.10892,-3.22755,0.0,0.02501,1.255,38.77,22.22,55.96783801342669,DFT_training_benchmark,DFT,Chalcogenides,Binary,87.03218966666667,2.5666666666666664,1.1166666666666667,14.333333333333332,0.0,2,1.744824482448245,0.2594022955316538,2.605000000000004,3.35522,15.39221947203211,Metal,Unstable (>0.1 eV),Train,0.0,0.04469754591779114,1.2453400445535114,42.55476351953019,20.164253908380875,58.27134383496723,-3.180752009458909
4758,NaSbO2,4.73705,-3.19574,0.656,-1.51753,1.0491,72.97,33.5,87.16158234618281,DFT_training_benchmark,DFT,Oxides,Ternary,44.18714232,2.465,1.1125,12.0,0.0,3,2.1782089552238806,0.3009191394952656,25.705,5.0585,28.045552337904883,Semiconductor,Unstable (>0.1 eV),Train,0.597416471862371,-1.441922729699744,1.001932759673108,70.48385622914944,32.11512988819807,88.66085253336686,-3.222965686377017
5281,MnF4,4.96872,-3.14918,0.033,-2.27007,0.3222,44.99,32.97,79.49197749196142,DFT_training_benchmark,DFT,Halides,Binary,26.18633156,3.494,0.6799999999999999,15.000000000000002,0.0,2,1.364573855019715,0.2055198285101822,-14.939999999999998,4.97847,18.659997652593603,Semimetal,Unstable (>0.1 eV),Test,0.0,-2.205623568608069,0.28524441251990507,46.95127876172036,24.57311988588755,71.35468926999778,-3.1691521380037004
4653,SmZnPO,4.76927,-3.08075,1.474,-1.84605,0.0,93.99999999999996,55.00000000000001,138.0712166172107,DFT_training_benchmark,DFT,Oxides,Quaternary,65.6855405,2.1125,1.2,11.5,0.0,4,1.709090909090908,0.2551928783382788,3.4999999999999147,8.305000000000001,37.44444173247863,Semiconductor,Stable (<=0.025 eV),Validation,1.6490028400231724,-1.8488985581493742,0.0,94.10159215563472,55.155831685641274,137.8164761420283,-3.034220750768
5543,NaMgSb,4.95886,-3.0807,1.172,-0.57515,0.0,29.1,17.86,44.480163560289085,DFT_training_benchmark,DFT,Pnictides,Ternary,56.35158976,1.4299999999999995,1.5833333333333337,6.0,0.0,3,1.6293393057110863,0.2452453404336249,-0.9999999999999928,2.69686,11.684441817556213,Semiconductor,Stable (<=0.025 eV),Train,1.0769429490682878,-0.5402910468375154,0.002166643172174065,37.573489989092764,14.805848794466712,41.782330492599854,-3.1433650757079303
166,NbF3,5.05978,-3.05827,0.0,-2.69514,0.5865,95.03,44.96,116.50640569610664,DFT_training_benchmark,DFT,Halides,Binary,37.4753974,3.385,0.7375,14.0,0.0,2,2.113656583629893,0.2956673231328586,30.14500000000001,6.78896,36.67221907456534,Metal,Unstable (>0.1 eV),Train,0.0,-2.7656689250039093,0.5907008439993422,98.11702179488893,44.01459743732234,98.84175077286713,-3.030732836292581
6993,Ag2SO4,4.81966,-2.98162,1.29,-0.91061,1.6617,70.79,9.07,26.09550081286127,DFT_training_benchmark,DFT,Oxychalcogenides,Ternary,44.54271428571428,2.885714285714285,0.9428571428571428,14.571428571428571,0.0,3,7.804851157662624,0.438561235549133,83.51,1.36957,24.604435015832525,Semiconductor,Unstable (>0.1 eV),Train,1.2332054023708587,-0.9005732252454417,1.594927042833918,81.60942686326317,6.322824482166929,29.035716463087958,-2.9690887930865753
5506,TiTl2F6,4.40349,-2.94984,3.589,-2.89474,0.0,37.11,13.77,36.76292805755396,DFT_training_benchmark,DFT,Halides,Ternary,63.4026688,3.1844444444444444,0.911111111111111,14.666666666666664,0.0,3,2.6949891067538125,0.3348920863309352,21.24,2.07927,13.89999621901819,Semiconductor,Stable (<=0.025 eV),Train,3.451845827260115,-2.784842831393767,0.0,34.70476864950765,11.078581005325985,28.24672297072262,-2.9725798885688164
6525,Li2CeAs2,5.07631,-2.94583,0.706,-1.03869,1.5402,52.51,33.05,81.95560656941967,DFT_training_benchmark,DFT,Pnictides,Ternary,60.768240000000006,1.4880000000000002,1.41,7.0,0.4,3,1.588804841149773,0.2398730192045335,-3.86,4.99055,21.175552971772223,Semiconductor,Unstable (>0.1 eV),Validation,0.7028697812420331,-1.0141624759885657,1.572230462593182,53.82151215939718,26.395895965952782,68.37032217034368,-2.8791460892877274
7707,VOF,4.79311,-2.93532,0.633,-2.57675,1.0992,91.08,47.77,121.98381483442884,DFT_training_benchmark,DFT,Oxyhalides,Ternary,28.6464344,3.0166666666666666,0.8166666666666667,12.666666666666666,0.0,3,1.9066359639941384,0.276782654745958,17.194999999999993,7.21327,35.66777485380176,Semiconductor,Unstable (>0.1 eV),Validation,0.700628519587919,-2.507327088788235,1.055344085571015,106.26208806222989,48.82998657230278,120.79155303294024,-2.927709904855965
1444,Au2S,4.78047,-2.91833,2.149,-0.04796,0.7992,74.27,5.02,14.728168371153927,DFT_training_benchmark,DFT,Chalcogenides,Binary,141.99937933333334,2.553333333333333,1.2333333333333334,12.666666666666666,0.0,2,14.794820717131474,0.4669490409515867,98.855,0.7580199999999999,25.314427256681096,Semiconductor,Unstable (>0.1 eV),Validation,2.2242405633974727,-0.09091676349069494,0.7932845667483501,78.34949605941529,1.6404550633204837,5.278456174425676,-2.9427843534366946
6576,VPbClO3,5.09856,-2.88093,2.0,-2.01368,1.8709,47.91,25.97,65.98706128461991,DFT_training_benchmark,DFT,Oxyhalides,Quaternary,56.93211666666667,2.9066666666666663,0.9916666666666668,14.0,0.0,4,1.844820947246823,0.270447849145551,6.939999999999998,3.92147,18.855552698093447,Semiconductor,Unstable (>0.1 eV),Test,2.124182138573839,-1.9740091926169032,1.8673079928460883,50.955693633356475,25.42407363071308,83.86755576480077,-2.9098556493582306
7051,Mg2SiO4,4.65941,-2.84704,4.021,-2.66738,1.4231,193.24,116.73,291.4956519491708,DFT_training_benchmark,DFT,Oxides,Ternary,20.099014285714283,2.611428571428571,0.9285714285714284,11.714285714285714,0.0,3,1.6554441874411034,0.2485892741761791,-1.964999999999975,17.62623,77.38333067863404,Semiconductor,Unstable (>0.1 eV),Train,3.9099056511781303,-2.6065757274989503,1.3657006427422944,184.36094206901683,115.90799967091928,288.7850912722901,-2.828711735451876
3274,C,5.04758,-2.83021,3.536,0.23802,0.2419,419.28,475.47,1035.1267542447686,DFT_training_benchmark,DFT,Carbides,Unary,12.0107,2.55,0.7,14.0,0.0,1,0.8818221969840367,0.0885300379043563,-559.7550000000002,71.79597,192.5899981394549,Semiconductor,Unstable (>0.1 eV),Train,3.637117892782476,0.2320645608601792,0.1625453320719164,416.49751004339635,478.41871292485683,1023.1840918268701,-2.7490951787998696
7091,TmAgP2Se6,4.59889,-2.81675,1.667,-0.54342,1.7876,29.24,14.51,37.35157585835859,DFT_training_benchmark,DFT,Chalcogenides,Quaternary,81.2509934,2.286,1.225,14.0,0.0,4,2.0151619572708475,0.2870977208255894,7.585000000000001,2.19101,11.358885847816168,Semiconductor,Unstable (>0.1 eV),Validation,1.6739586677151395,-0.5908735786937447,1.8371931174655785,27.037471962946302,15.636651994652807,38.21210519999819,-2.821145025352899
4455,TlPd2Se3,4.82107,-2.80873,0.0,-0.38275,1.2045,39.37,19.32,49.811944990176826,DFT_training_benchmark,DFT,Chalcogenides,Ternary,109.01721666666668,2.2783333333333333,1.3583333333333332,13.5,0.0,3,2.0377846790890266,0.2891290111329404,10.754999999999995,2.91732,15.269996934470846,Metal,Unstable (>0.1 eV),Train,0.0006217378744567592,-0.4407188742740684,1.2385846731419246,46.08723922390172,16.589064181492827,43.74985472566826,-2.6964493757306833
6941,TePb,4.67154,-2.80693,1.013,-0.41685,0.1779,41.38,30.03,72.54182136602451,DFT_training_benchmark,DFT,Chalcogenides,Binary,167.39999999999998,2.215,1.6,15.0,0.0,2,1.377955377955378,0.2078225335668418,-13.004999999999995,4.53453,17.12999763860387,Semiconductor,Unstable (>0.1 eV),Train,0.8692975697573935,-0.31986050544171385,0.23924594269580857,41.68138856885364,31.730235387122843,73.88392832469657,-2.7830126007654785
6974,Sb2TeSe2,4.48233,-2.80479,0.4,-0.23647,1.4255,36.62,23.21,57.48517171413542,DFT_training_benchmark,DFT,Chalcogenides,Ternary,105.808,2.26,1.3199999999999998,15.6,0.0,3,1.5777682033606202,0.2383707822950326,-3.095000000000013,3.50471,14.785552983491744,Semimetal,Unstable (>0.1 eV),Train,0.3090463169016951,-0.2055657671757584,1.387118295961966,39.376013047955965,22.43214402950847,61.68625884398098,-2.792627417016873
3523,GaTeCl,4.45696,-2.80039,0.0,-0.31173,0.1342,14.89,1.53,4.437993506493505,DFT_training_benchmark,DFT,Halides,Ternary,77.592,2.3566666666666665,1.2333333333333332,15.333333333333332,0.0,3,9.73202614379085,0.4503246753246753,18.51,0.2310299999999999,5.133321766570655,Metal,Unstable (>0.1 eV),Train,0.015684088697935143,-0.31860687675090665,0.1717714826199074,13.640644007802312,0.0,3.614650448583105,-2.7596621511038553
6283,Na2I,4.54108,-2.78119,0.0,-0.53526,0.1402,9.54,1.45,4.140239441303624,DFT_training_benchmark,DFT,Halides,Binary,57.628002853333335,1.5066666666666668,1.6666666666666663,6.333333333333333,0.0,2,6.579310344827586,0.4276687728633189,10.685,0.2189499999999999,3.341103041280638,Metal,Unstable (>0.1 eV),Train,0.0,-0.5529273436794457,0.10644224811438746,6.23196449937809,3.5610379299387054,0.7966333476501526,-2.7041501652927
6978,Si,4.9752,-2.75656,0.0,0.16663,0.1714,81.6,65.34,154.72269297736509,DFT_training_benchmark,DFT,Semimetals,Unary,28.0855,1.9,1.1,14.0,0.0,1,1.248852157943067,0.1839814277423098,-40.95000000000003,9.86634,34.45999777278968,Metal,Unstable (>0.1 eV),Train,0.0,0.19232511344494208,0.13228559191566175,79.14268310599064,68.88794235059822,155.2525352243051,-2.711322991708369
1877,HgF2,3.93091,-2.73406,0.862,-1.39914,0.0,97.63,19.52,54.9010543836625,DFT_training_benchmark,DFT,Halides,Binary,79.52893546666667,3.32,0.8333333333333333,15.333333333333332,0.0,2,5.001536885245901,0.4062770077782401,97.645,2.94752,34.71221589953565,Semiconductor,Stable (<=0.025 eV),Train,0.880800271883819,-1.4423919261535854,0.0,100.37630507663684,27.829493882983158,41.21017145385471,-2.716737946534652
1887,B2S,5.2528,-2.72482,0.0,0.45373,3.3598,101.08,9.45,27.49321692411014,DFT_training_benchmark,DFT,Chalcogenides,Binary,17.895666666666667,2.22,0.8999999999999999,14.0,0.0,2,10.696296296296296,0.4546675621222297,127.995,1.42695,34.743320696281515,Metal,Unstable (>0.1 eV),Test,0.02594194149116216,0.31593199048981824,3.3920106439044857,101.98561332858657,7.540145561660116,28.766455349242698,-2.56379547417315
7134,SbCl5,4.95033,-2.6938,1.261,-0.59178,0.2907,11.39,5.29,13.74247085656361,DFT_training_benchmark,DFT,Halides,Binary,49.837500000000006,2.9750000000000005,1.075,16.666666666666668,0.0,2,2.153119092627599,0.2989102889001521,3.860000000000001,0.79879,4.3844412540128985,Semiconductor,Unstable (>0.1 eV),Train,1.2158411679675876,-0.5820494895590425,0.21792883503202296,18.111452632256842,7.22532636098968,2.2569392686757954,-2.612926973893325
6186,SnSe2,5.18567,-2.66642,0.471,-0.33426,0.8348,37.68,20.75,52.595410718289855,DFT_training_benchmark,DFT,Chalcogenides,Binary,92.21,2.353333333333333,1.25,15.333333333333332,0.0,2,1.8159036144578315,0.267359294416623,4.644999999999996,3.13325,14.865552729158248,Semimetal,Unstable (>0.1 eV),Train,0.3492637980599912,-0.37209127493811517,0.8195271008063288,43.03925639715653,23.491994224187934,58.110167904299274,-2.773678028310873
6694,BaV4O8,5.13296,-2.57664,0.0,-2.45408,3.2579,31.42,8.87,24.32132842044022,DFT_training_benchmark,DFT,Oxides,Ternary,36.08370769230769,2.686923076923077,0.95,11.53846153846154,0.0,3,3.542277339346111,0.3709880733055367,24.955000000000005,1.33937,11.458884177433998,Metal,Unstable (>0.1 eV),Test,0.0,-2.4040327438729943,3.2037418412686165,27.662620145717305,12.899938623828094,23.889517191490842,-2.589191042261218
6739,CaPbI4,4.70123,-2.55472,2.899,-1.18747,0.003,14.93,8.16,20.7074447592068,DFT_training_benchmark,DFT,Halides,Ternary,125.81598,2.328333333333333,1.5333333333333332,13.999999999999998,0.0,3,1.829656862745098,0.2688385269121813,1.995000000000001,1.23216,5.883330492166516,Semiconductor,Stable (<=0.025 eV),Validation,2.8779720618254028,-1.2266099233772436,0.004125770874006628,20.559369961145894,7.880197227429984,16.959532606744148,-2.5164226181627516
4014,Mn2F7,4.61931,-2.55409,0.0,-2.05748,0.7491,43.04,23.31,59.23611887423736,DFT_training_benchmark,DFT,Halides,Binary,26.984990266666667,3.44,0.7,14.77777777777778,0.0,2,1.8464178464178465,0.2706160204684117,6.285000000000004,3.51981,16.936663807488152,Metal,Unstable (>0.1 eV),Train,0.17294164272791937,-2.008445634039316,0.717038667511454,42.389823602394316,20.731874086765924,43.60900736239433,-2.463964138723199
4882,TeO3,5.03654,-2.47776,1.376,-0.84544,1.8207,86.33,44.66,114.27459311707558,DFT_training_benchmark,DFT,Oxychalcogenides,Binary,43.89955,3.105,0.7999999999999999,16.0,0.0,2,1.933049708911778,0.2793841593940392,17.845000000000013,6.743659999999999,33.738885936449066,Semiconductor,Unstable (>0.1 eV),Train,1.4397885330777813,-0.7948187538943126,1.746329046965243,90.63066241175962,45.78033743192132,132.98912377656129,-2.4524623013258497
3635,Nb(SCl)2,4.70075,-2.3514,1.457,-1.08553,1.803,36.1,22.3,55.476799387442576,DFT_training_benchmark,DFT,Halides,Ternary,45.588476,2.6160000000000005,1.09,14.2,0.0,3,1.6188340807174888,0.2438744257274119,-1.5999999999999943,3.3673,14.511108495403526,Semiconductor,Unstable (>0.1 eV),Train,1.475903966727201,-1.0529518623115344,1.7906302705160095,28.530050176843673,21.698681185319632,56.73300024134167,-2.389671150261349
1498,YMg5,3.96229,-2.31697,0.0,-0.02181,0.1712,37.66,17.25,44.8953006219765,DFT_training_benchmark,DFT,Intermetallics/Alloys,Binary,35.07180833333334,1.2950000000000002,1.55,2.166666666666667,0.0,2,2.183188405797101,0.3013130615065653,13.364999999999997,2.60475,14.469996776946232,Metal,Unstable (>0.1 eV),Train,0.0,0.044120993423396926,0.1892389998396722,36.075807729421264,16.926474908327357,43.97035878994982,-2.3214704334308354
1241,CrO3,4.46775,-2.24277,1.902,-1.70516,2.5734,22.91,12.05,30.75748328794256,DFT_training_benchmark,DFT,Oxides,Binary,24.998575,2.995,0.7999999999999999,13.5,0.0,2,1.901244813278008,0.2762441198316415,4.240000000000002,1.81955,8.975552637386814,Semiconductor,Unstable (>0.1 eV),Train,1.9222167928635077,-1.7243624524377112,2.5659121328935792,17.021257222609805,13.205238898034043,12.158970373390009,-2.2857940543434
6046,SiP2,4.1315,-2.17358,1.194,-0.13219,2.6429,33.73,25.1,60.33420698392589,DFT_training_benchmark,DFT,Pnictides,Binary,30.011008,2.0933333333333333,1.0333333333333332,14.666666666666666,0.0,2,1.343824701195219,0.2018766331459339,-12.155,3.7901,14.032219896473594,Semiconductor,Unstable (>0.1 eV),Train,1.0452699347903507,0.0058593418093968175,2.7137929025515266,25.765850516205365,23.5003343902258,58.14467540560819,-2.026364424253942
1776,VSe3,4.43804,-2.16513,0.0,-0.23539,2.0703,18.62,7.81,20.55598869169153,DFT_training_benchmark,DFT,Chalcogenides,Binary,71.955375,2.32,1.2,13.25,0.0,2,2.384122919334187,0.3160043976755143,8.405000000000001,1.17931,7.074441002897017,Metal,Unstable (>0.1 eV),Test,0.007451846284430969,-0.14791020039356528,2.0469185285858615,23.695284586016477,7.101774158739363,16.302832742818637,-2.1234461494599968
1639,GaTe,3.65293,-2.14492,0.917,-0.35031,0.0486,26.04,16.53,40.92943264659271,DFT_training_benchmark,DFT,Chalcogenides,Binary,98.6615,1.955,1.35,14.5,0.0,2,1.5753176043557169,0.2380348652931854,-2.265000000000001,2.49603,10.5166640972042,Semiconductor,Metastable (0.025-0.1 eV),Train,0.9863985909366393,-0.3887675547530432,0.1943139246894022,14.28844014762191,20.993554221806747,42.20726636057662,-2.1378136535886387
7716,Te2W,4.82931,-2.08866,0.95,-0.03597,2.9228,41.34,30.95,74.30636252177842,DFT_training_benchmark,DFT,Chalcogenides,Binary,146.34666666666666,2.1866666666666665,1.3833333333333333,12.666666666666666,0.0,2,1.3357027463651052,0.200425888881719,-15.364999999999997,4.67345,17.218886571605953,Semiconductor,Unstable (>0.1 eV),Train,0.9003944207225735,-0.026346539218089566,2.9021905704751054,47.5807926328402,25.08489817061956,79.26541810706863,-1.9829108300424099
5347,CuMoO4,4.28502,-2.07836,0.0,-1.6327,2.5389,131.37,58.8,153.4984963900112,DFT_training_benchmark,DFT,Oxides,Ternary,37.24726666666667,2.97,0.8666666666666667,13.5,0.0,3,2.234183673469388,0.3052593230443134,50.05500000000001,8.8788,50.3233300549084,Metal,Unstable (>0.1 eV),Train,0.0,-1.6015656267155385,2.6018679918791126,132.46809807426666,58.52893881201288,141.82785994752936,-2.1147529530502878
3896,TmBrO,4.32332,-2.0522,4.553,-3.09072,0.0566,42.51,26.53,65.88415357652862,DFT_training_benchmark,DFT,Oxyhalides,Ternary,88.27920333333333,2.55,1.1666666666666663,12.0,0.0,3,1.6023369770071616,0.2416915487472413,-2.5600000000000023,4.00603,17.117775179615055,Semiconductor,Metastable (0.025-0.1 eV),Test,4.677378736122721,-3.0323651953079738,0.06331342447073507,34.09238868544334,27.58831993719041,69.61729223756876,-2.0242880575944553
4276,FeOF,4.64111,-2.04723,0.0,-1.72093,1.111,172.31,90.45,230.94101797886,DFT_training_benchmark,DFT,Oxyhalides,Ternary,30.2809344,3.083333333333333,0.8333333333333333,13.666666666666666,0.0,3,1.9050304035378665,0.2766225427244888,32.34000000000003,13.65795,67.48666374441993,Metal,Unstable (>0.1 eV),Test,0.07611633544946783,-1.7445223958016145,1.2326597355854174,164.2779599656663,85.78009989078275,256.6519942869205,-2.0456508892765184
4612,HoBrO,4.39437,-2.04337,3.77,-3.11975,0.0622,50.06,26.35,67.25049000169943,DFT_training_benchmark,DFT,Oxyhalides,Ternary,86.94457333333332,2.543333333333333,1.1666666666666663,12.0,0.0,3,1.899810246679317,0.2761003795388886,9.215000000000003,3.97885,19.61444152782012,Semiconductor,Metastable (0.025-0.1 eV),Train,3.832577443132525,-3.020813452139376,0.06182614441583665,60.82612293090001,29.88834672263505,90.38339378284056,-2.0749104210420253
6260,Rb2F,4.12111,-2.03549,0.0,-1.84711,0.0168,10.71,4.49,11.818435281267067,DFT_training_benchmark,DFT,Halides,Binary,63.3113344,1.8733333333333333,1.7333333333333334,6.333333333333333,0.0,2,2.385300668151448,0.3160841070453304,4.84,0.67799,4.0688854460596575,Metal,Stable (<=0.025 eV),Validation,0.0,-1.8290533429285984,0.0,8.215835103678938,3.7260773562687017,12.53139501954045,-2.078219019359088
3535,InTeI,4.48148,-1.98598,1.427,-0.4031,0.0,16.83,8.02,20.76208169543668,DFT_training_benchmark,DFT,Halides,Ternary,123.10749,2.18,1.4499999999999995,15.333333333333332,0.0,3,2.098503740648379,0.2943941206631345,5.195,1.21102,6.501107979870191,Semiconductor,Stable (<=0.025 eV),Train,1.4581179242242208,-0.4404751025246869,0.04414448495730462,23.41002311412799,11.075221463891044,7.277146340794522,-1.9702938162109491
1445,Al2S3,5.69406,-1.9067,3.131,-1.22286,1.6863,40.07,24.04,60.10083327556326,DFT_training_benchmark,DFT,Chalcogenides,Binary,30.03161544,2.192,1.1,14.8,0.0,2,1.666805324459235,0.2500173310225304,0.0050000000000096,3.63004,16.02777511096365,Semiconductor,Unstable (>0.1 eV),Train,3.174163815191847,-1.170594675804802,1.6962604830917785,41.8023289276635,21.437499247981005,46.59552252598431,-1.9858753916094216
4281,NbI2O,4.54132,-1.89142,0.681,-1.33465,1.4791,36.39,23.27,57.54422908486862,DFT_training_benchmark,DFT,Oxyhalides,Ternary,90.67868,2.59,1.2125,13.75,0.0,3,1.5638160721959604,0.2364466928420417,-3.5899999999999963,3.51377,14.715552998295994,Semiconductor,Unstable (>0.1 eV),Test,0.869578426440226,-1.299632147436764,1.3857436395387372,41.48015076163301,18.59361096333151,50.30495952174884,-1.7170975624803124
1609,AsC,3.62251,-1.87183,0.243,0.76617,3.1618,37.01,21.53,54.09948476161738,DFT_training_benchmark,DFT,Pnictides,Binary,43.46615,2.365,0.925,14.5,0.0,2,1.7189967487227122,0.2563744719372359,1.6899999999999975,3.25103,14.728886166333169,Semimetal,Unstable (>0.1 eV),Train,0.3226519870942609,0.7860869199794208,3.1687155046049633,31.800309989190293,19.044559050232298,67.0071050708989,-1.9088818240245393
6300,P2Pt,3.79092,-1.86404,1.024,-0.68546,2.3085,172.43,121.94,296.0358991286392,DFT_training_benchmark,DFT,Pnictides,Binary,85.67717466666666,2.22,1.1166666666666667,13.333333333333332,0.0,2,1.4140560931605708,0.2138588614426732,-46.20500000000004,18.41294,71.0255531563346,Semiconductor,Unstable (>0.1 eV),Train,1.161613441157397,-0.6700240621221556,2.370035695234628,180.61199071182875,125.8029632691048,281.9783055779992,-2.0025805450629077
524,PdCl2,4.6717,-1.84397,0.658,-0.44889,0.4014,25.7,13.02,33.41684420772304,DFT_training_benchmark,DFT,Halides,Binary,59.10866666666667,2.84,1.1333333333333333,14.666666666666664,0.0,2,1.9738863287250383,0.283288948069241,6.0,1.96602,10.01333033684142,Semiconductor,Unstable (>0.1 eV),Validation,0.7818121731784546,-0.4232473035804374,0.3932014594490989,31.929828513143903,16.35062025789284,31.457477988912597,-1.7884898256909514
3834,HfS2,3.85358,-1.79898,1.078,-1.70531,2.1772,46.27,34.26,82.43422776911076,DFT_training_benchmark,DFT,Chalcogenides,Binary,80.87333333333333,2.1533333333333333,1.1833333333333331,12.0,0.0,2,1.3505545826036196,0.203068122724909,-16.24499999999999,5.17326,19.229997667231416,Semiconductor,Unstable (>0.1 eV),Train,1.0047106755466093,-1.7525295871993054,2.1353945737380795,43.3445945894335,34.46469350508356,61.265897480325734,-1.7867219658256228
7557,NbC,3.79259,-1.78043,0.0,-0.52754,3.5721,299.63,195.56,481.8500481520399,DFT_training_benchmark,DFT,Carbides,Binary,52.45854,2.075,1.075,9.5,0.0,2,1.5321640417263245,0.2319749645940883,-39.454999999999984,29.52956,121.60555303183362,Metal,Unstable (>0.1 eV),Validation,0.03433929229930806,-0.5690184824037126,3.5443972280184277,305.34348692753366,201.89401075326853,489.91154774087596,-1.7589798208041678
3595,Ca(HO)2,3.84274,-1.77641,4.465,-1.99357,1.6306,43.28,26.39,65.79679190936439,DFT_training_benchmark,DFT,Oxides,Ternary,14.818536,2.4560000000000004,0.7000000000000001,7.2,0.0,3,1.640015157256537,0.2466235678166805,-1.0549999999999926,3.98489,17.358886250631652,Semiconductor,Unstable (>0.1 eV),Train,4.308498994484129,-1.984026649390026,1.6564889168030892,42.70113023694243,24.289935488175598,73.41346545224287,-1.6898485103926586
7539,NaMgSb,3.52389,-1.76805,1.172,-0.57515,0.0,29.1,17.86,44.480163560289085,DFT_training_benchmark,DFT,Pnictides,Ternary,56.35158976,1.4299999999999995,1.5833333333333337,6.0,0.0,3,1.6293393057110863,0.2452453404336249,-0.9999999999999928,2.69686,11.684441817556213,Semiconductor,Stable (<=0.025 eV),Test,1.0828601069548411,-0.45472323731717224,0.0,30.743966917009438,20.764768699099694,51.289201667714735,-1.7452527061878742
1028,NiSb2,3.98109,-1.74151,0.0,-0.1832,1.1985,86.13,43.88,112.5300545869587,DFT_training_benchmark,DFT,Pnictides,Binary,100.7378,2.003333333333333,1.4166666666666663,13.333333333333332,0.0,2,1.96285323609845,0.2822476593773778,19.49499999999999,6.62588,33.585552570970435,Metal,Unstable (>0.1 eV),Train,0.0,-0.15623051180144268,1.2398595074367331,89.81119319810281,47.690786001783174,127.7450637054248,-1.8414976640477088
3771,As2O3,4.01126,-1.62156,3.406,-1.26178,2.2749,21.29,14.09,34.63038609543355,DFT_training_benchmark,DFT,Oxides,Binary,39.56828,2.936,0.82,15.6,0.0,2,1.511000709723208,0.2288994356080041,-3.2900000000000027,2.12759,8.66221972088721,Semiconductor,Unstable (>0.1 eV),Validation,3.5876126191970554,-1.2115294416354094,2.2950115345495616,31.922282294990502,8.395319503844311,37.62977259297505,-1.6834939271937122
6668,Te2SO7,4.11947,-1.55891,3.634,-1.21068,2.3453,39.79,23.63,59.1757993006993,DFT_training_benchmark,DFT,Oxychalcogenides,Ternary,39.92608,3.086,0.8,16.0,0.0,3,1.6838764282691494,0.2521328671328672,0.6100000000000065,3.56813,15.888886203857776,Semiconductor,Unstable (>0.1 eV),Test,3.6675575403039393,-1.1674753645598015,2.32604813522719,52.251605548650005,29.908189961283696,60.95646855045008,-1.3834613786512164
520,As2Pt,3.66681,-1.52883,0.068,-0.48214,1.9873,135.77,86.2,213.4310672529432,DFT_training_benchmark,DFT,Pnictides,Binary,114.97573333333332,2.2133333333333334,1.2166666666666666,13.333333333333332,0.0,2,1.5750580046403713,0.237999230005471,-11.84499999999997,13.0162,54.834441875257006,Semimetal,Unstable (>0.1 eV),Test,0.0,-0.3769426186259982,1.899608728758656,150.80883088314658,78.33022630210294,208.73086025573892,-1.5253002797479305
3747,ZrSe3,3.8697,-1.5191,0.297,-1.1037,1.8419,38.02,23.97,59.422260378178656,DFT_training_benchmark,DFT,Chalcogenides,Binary,82.026,2.245,1.25,13.0,0.0,2,1.5861493533583648,0.2395131493153662,-2.894999999999996,3.61947,15.336664085703912,Semimetal,Unstable (>0.1 eV),Train,0.2170960762686947,-1.0962016346624697,1.7875024211688728,23.913739486209153,27.440235557026188,72.05072722189936,-1.6242216160041538
7719,YClO,4.19734,-1.51788,1.893,-2.59859,0.7368,77.66,43.47,109.90385892566466,DFT_training_benchmark,DFT,Oxyhalides,Ternary,46.78608333333333,2.6066666666666665,1.1333333333333333,12.0,0.0,3,1.7865194386933516,0.2641345632121541,7.814999999999998,6.563969999999999,30.716663871799938,Semiconductor,Unstable (>0.1 eV),Train,1.8557584720701246,-2.4656856687306448,0.7170611304644906,81.99682115187933,44.83865240583618,116.06047368908611,-1.5648436592318145
3518,Hg2ClO,3.85331,-1.48463,1.798,-0.28077,0.207,25.59,9.19,24.62248604001861,DFT_training_benchmark,DFT,Oxyhalides,Ternary,113.1581,2.65,1.15,14.25,0.0,3,2.784548422198041,0.3396347138203816,15.41,1.38769,9.551107232092876,Semiconductor,Unstable (>0.1 eV),Test,1.9051688368310205,-0.23237003465122388,0.23280727044116484,18.77632059005873,9.920741812333034,21.409411305052537,-1.4519086102204948
7600,UBrO2,3.24883,-1.33794,0.075,-2.83573,1.9632,70.18,43.23,107.59716514954488,DFT_training_benchmark,DFT,Oxyhalides,Ternary,87.4829275,2.805,1.025,13.0,0.0,3,1.623409669211196,0.2444733420026008,-2.8049999999999784,6.527729999999999,28.19666404608981,Semimetal,Unstable (>0.1 eV),Validation,0.009265759457848188,-2.8775029747276104,1.9233005053707446,78.81603847366875,39.62517315052466,124.21293928930005,-1.4621708737963175
3675,UBr4,3.93366,-1.30432,0.176,-1.35092,0.9294,19.46,8.83,23.00976342806129,DFT_training_benchmark,DFT,Halides,Binary,111.528982,2.644,1.27,14.2,0.0,2,2.203850509626274,0.3029311114417497,7.115000000000002,1.33333,7.467774532296985,Semimetal,Unstable (>0.1 eV),Train,0.18073246126265602,-1.347199056558831,0.9306384583955486,18.487391431772302,15.032057553321316,28.909291074209587,-1.3286501687446313
51,P2Pt,3.54392,-1.26141,1.024,-0.68546,2.3085,172.43,121.94,296.0358991286392,DFT_training_benchmark,DFT,Pnictides,Binary,85.67717466666666,2.22,1.1166666666666667,13.333333333333332,0.0,2,1.4140560931605708,0.2138588614426732,-46.20500000000004,18.41294,71.0255531563346,Semiconductor,Unstable (>0.1 eV),Train,1.0861350292259588,-0.6769478635592665,2.20213045321607,166.39843586679976,118.24591102188286,312.4154841622945,-1.265427812278123
4442,Hg,3.60701,-1.25944,0.149,0.2387,0.2387,13.72,5.01,13.39906432748538,DFT_training_benchmark,DFT,Intermetallics/Alloys,Unary,200.59,2.0,1.5,12.0,0.0,1,2.738522954091817,0.3372319688109162,8.055000000000003,0.7565099999999999,5.12999617137731,Semimetal,Unstable (>0.1 eV),Train,0.06541864157398145,0.23708946366068626,0.2818371887808379,15.305626161144076,2.802510456739184,12.026746274479033,-1.2159982455678306
3811,HgPS3,4.36913,-1.23863,1.679,-0.15992,1.4541,28.96,15.59,39.65431443349273,DFT_training_benchmark,DFT,Chalcogenides,Ternary,65.5517524,2.386,1.1,15.0,0.0,3,1.8576010262989096,0.2717868644481311,4.464999999999996,2.35409,11.38555268435406,Semiconductor,Unstable (>0.1 eV),Train,1.7283487335425134,-0.2133057564226234,1.455541262963731,25.26898771037857,16.353416317372037,27.884914924373412,-1.2110491179682736
7292,ClF,3.89451,-1.22808,2.092,-0.37725,0.0,14.77,8.58,21.564367555303463,DFT_training_benchmark,DFT,Halides,Binary,27.2257016,3.5700000000000003,0.75,17.0,0.0,2,1.7214452214452214,0.2566647759500851,0.7050000000000018,1.29558,5.876663941493332,Semiconductor,Stable (<=0.025 eV),Train,2.2230364398336397,-0.29087013081459423,0.025208385252881126,3.5611328561146323,13.506796866200265,24.197121296582395,-1.290634356817817
7282,KAuSe2,3.87863,-1.18629,0.858,-0.62449,0.461,28.57,14.2,36.54535081573415,DFT_training_benchmark,DFT,Chalcogenides,Ternary,98.49621725,2.115,1.4625,11.0,0.0,3,2.011971830985916,0.2868081273145831,7.355000000000004,2.1442,11.101108073485852,Semiconductor,Unstable (>0.1 eV),Train,0.9274320010932912,-0.6631924748667337,0.41385626479401216,38.73762482413666,12.892612729993543,45.02989593025469,-1.3203594313394413
7728,Mg2Al2Se5,3.19022,-0.81861,1.307,-1.11609,1.0105,41.51,23.29,58.86152820998512,DFT_training_benchmark,DFT,Chalcogenides,Ternary,55.26367524444444,2.065555555555556,1.25,12.22222222222222,0.0,3,1.7823100042936884,0.2636652685698823,4.040000000000006,3.51679,16.424441654091872,Semiconductor,Unstable (>0.1 eV),Test,1.2747051966233771,-1.1679329751689642,0.9771803563867552,29.26685358011867,24.127576433893573,69.75585710682314,-0.6256835068705571
